[
    {
        "name": "Barbara White",
        "email": "barbara.white@example.com",
        "phone_number": "555-0204",
        "department": "Public Relations",
        "location": "Fort Worth, TX",
        "gender": "Female",
        "employee_number": "10013",
        "photo": "photos/10013.jpg"
    },
    {
        "name": "Charles Hernandez",
        "email": "charles.hernandez@example.com",
        "phone_number": "555-0106",
        "department": "Legal",
        "location": "San Antonio, TX",
        "gender": "Male",
        "employee_number": "10007",
        "photo": "photos/10007.jpg"
    },
    {
        "name": "Chris Moore",
        "email": "chris.moore@example.com",
        "phone_number": "555-0107",
        "department": "Operations",
        "location": "San Diego, CA",
        "gender": "Other",
        "employee_number": "10008",
        "photo": "photos/10008.jpg"
    },
    {
        "name": "David Brown",
        "email": "david.brown@example.com",
        "phone_number": "555-0103",
        "department": "Research and Development",
        "location": "Houston, TX",
        "gender": "Male",
        "employee_number": "10004",
        "photo": "photos/10004.jpg"
    },
    {
        "name": "Elizabeth Thomas",
        "email": "elizabeth.thomas@example.com",
        "phone_number": "555-0202",
        "department": "Production",
        "location": "Austin, TX",
        "gender": "Female",
        "employee_number": "10011",
        "photo": "photos/10011.jpg"
    },
    {
        "name": "Emma King",
        "email": "emma.king@example.com",
        "phone_number": "555-0210",
        "department": "Engineering",
        "location": "Seattle, WA",
        "gender": "Female",
        "employee_number": "10019",
        "photo": "photos/10019.jpg"
    },
    {
        "name": "Jennifer Anderson",
        "email": "jennifer.anderson@example.com",
        "phone_number": "555-0201",
        "department": "Quality Assurance",
        "location": "San Jose, CA",
        "gender": "Female",
        "employee_number": "10010",
        "photo": "photos/10010.jpg"
    },
    {
        "name": "Jessica Clark",
        "email": "jessica.clark@example.com",
        "phone_number": "555-0206",
        "department": "Administration",
        "location": "Indianapolis, IN",
        "gender": "Female",
        "employee_number": "10015",
        "photo": "photos/10015.jpg"
    },
    {
        "name": "John Smith",
        "email": "john.smith@example.com",
        "phone_number": "555-0100",
        "department": "Marketing",
        "location": "New York, NY",
        "gender": "Male",
        "employee_number": "10001",
        "photo": "photos/10001.jpg"
    },
    {
        "name": "Joseph Martinez",
        "email": "joseph.martinez@example.com",
        "phone_number": "555-0105",
        "department": "Sales",
        "location": "Philadelphia, PA",
        "gender": "Male",
        "employee_number": "10006",
        "photo": "photos/10006.jpg"
    },
    {
        "name": "Karen Robinson",
        "email": "karen.robinson@example.com",
        "phone_number": "555-0208",
        "department": "Innovation",
        "location": "San Francisco, CA",
        "gender": "Female",
        "employee_number": "10017",
        "photo": "photos/10017.jpg"
    },
    {
        "name": "Linda Jackson",
        "email": "linda.jackson@example.com",
        "phone_number": "555-0203",
        "department": "Procurement",
        "location": "Jacksonville, FL",
        "gender": "Female",
        "employee_number": "10012",
        "photo": "photos/10012.jpg"
    },
    {
        "name": "Mary Taylor",
        "email": "mary.taylor@example.com",
        "phone_number": "555-0200",
        "department": "Customer Service",
        "location": "Dallas, TX",
        "gender": "Female",
        "employee_number": "10009",
        "photo": "photos/10009.jpg"
    },
    {
        "name": "Michael Johnson",
        "email": "michael.johnson@example.com",
        "phone_number": "555-0101",
        "department": "Finance",
        "location": "Boston, MA",
        "gender": "Male",
        "employee_number": "10002",
        "photo": "photos/10002.jpg"
    },
    {
        "name": "Nancy Walker",
        "email": "nancy.walker@example.com",
        "phone_number": "555-0209",
        "department": "Accounting",
        "location": "Fort Lauderdale, FL",
        "gender": "Female",
        "employee_number": "10018",
        "photo": "photos/10018.jpg"
    },
    {
        "name": "Olivia Gonzalez",
        "email": "olivia.gonzalez@example.com",
        "phone_number": "555-0211",
        "department": "Design",
        "location": "Miami, FL",
        "gender": "Female",
        "employee_number": "10020",
        "photo": "photos/10020.jpg"
    },
    {
        "name": "Richard Davis",
        "email": "richard.davis@example.com",
        "phone_number": "555-0104",
        "department": "Information Technology",
        "location": "Phoenix, AZ",
        "gender": "Male",
        "employee_number": "10005",
        "photo": "photos/10005.jpg"
    },
    {
        "name": "Robert Williams",
        "email": "robert.williams@example.com",
        "phone_number": "555-0102",
        "department": "Human Resources",
        "location": "Los Angeles, CA",
        "gender": "Male",
        "employee_number": "10003",
        "photo": "photos/10003.jpg"
    },
    {
        "name": "Sarah Lewis",
        "email": "sarah.lewis@example.com",
        "phone_number": "555-0207",
        "department": "Environmental",
        "location": "Columbus, OH",
        "gender": "Female",
        "employee_number": "10016",
        "photo": "photos/10016.jpg"
    },
    {
        "name": "Susan Harris",
        "email": "susan.harris@example.com",
        "phone_number": "555-0205",
        "department": "Logistics",
        "location": "Charlotte, NC",
        "gender": "Female",
        "employee_number": "10014",
        "photo": "photos/10014.jpg"
    }
]